year,advisories,any_crypto,any_crypto_pct,agility_debt_pct,hardcoded_secrets_pct,no_encryption_pct
2012,42,13,31.0,23.8,9.5,7.1
2013,46,3,6.5,6.5,6.5,0.0
2014,41,8,19.5,17.1,2.4,2.4
2015,82,20,24.4,22.0,11.0,3.7
2016,89,29,32.6,23.6,4.5,10.1
2017,92,16,17.4,16.3,4.3,1.1
2018,117,12,10.3,9.4,1.7,0.9
2019,117,25,21.4,17.9,8.5,6.0
2020,123,22,17.9,13.0,3.3,10.6
2021,130,32,24.6,20.0,3.8,6.9
2022,117,23,19.7,17.1,7.7,3.4
2023,105,28,26.7,21.9,7.6,10.5
2024,177,39,22.0,20.3,4.5,6.8
2025,188,27,14.4,10.6,3.2,4.8
2026,168,44,26.2,24.4,6.5,4.8
