vendor,rank_by_2026_energy_advisories_note,public_pqc_signal,signal_level,evidence_date,evidence_url,notes,author_verified
Siemens,top-10 vendor in 2026 ONG-relevant advisories,Research and ecosystem statements (2023 blog on PQC research; founding member of Charter of Trust whose PQC working group published a global PQC timelines paper in April 2026). No product-level PQC availability found.,research_or_ecosystem,2026-04-07,https://www.charteroftrust.com/wp-content/uploads/2026/04/20260115_PQC-Decrypting-the-Future_FINAL-1.pdf,Also https://blog.siemens.com/en/2023/01/the-era-of-post-quantum-cryptography/,yes
Schneider Electric,top-10 vendor in 2026 ONG-relevant advisories,No public PQC product statement found in this scan.,none_found,,https://www.se.com,Absence in a desk scan is not evidence of absence.,yes
ABB,top-10 vendor in 2026 ONG-relevant advisories,General PQC guidance article (hybrid deployment; EU 2030/2035 timelines). No products or algorithms named.,general_guidance,2026-06-29,https://www.abb.com/global/en/company/innovation/news/quantum-security,,yes
Hitachi Energy,top-10 vendor in 2026 ONG-relevant advisories,"'Quantum-safe' encryption on FOX615 utility multiplexers (2019 customer story; physically random keys for symmetric encryption, not a FIPS 203/204/205 algorithm).",legacy_quantum_safe_claim,2019-10-28,https://new.abb.com/news/detail/40709/abbs-quantum-safe-encryption-helps-secure-omans-power-network,Symmetric-key approach; not NIST PQC.,yes
Rockwell Automation,top-10 vendor in 2026 ONG-relevant advisories,No public PQC product statement found in this scan.,none_found,,https://www.rockwellautomation.com,,yes
Johnson Controls Inc.,top-10 vendor in 2026 ONG-relevant advisories,No public PQC product statement found in this scan.,none_found,,https://www.johnsoncontrols.com,,yes
B&R Industrial Automation GmbH,top-10 vendor in 2026 ONG-relevant advisories (ABB group),No public PQC product statement found in this scan.,none_found,,https://www.br-automation.com,,yes
MZ Automation GmbH,top-10 vendor in 2026 ONG-relevant advisories,No public PQC product statement found in this scan.,none_found,,https://www.mz-automation.de,IEC 61850 / IEC 60870-5-104 protocol stacks vendor.,yes
Yokogawa,top-10 vendor in 2026 ONG-relevant advisories,No public PQC product statement found in this scan.,none_found,,https://www.yokogawa.com/news/press-releases/2026/,,yes
Schweitzer Engineering Laboratories,major US grid OT vendor (added for coverage),No public PQC product statement found in this scan.,none_found,,https://selinc.com,,yes
